"EmployeeKey","FirstName","LastName","Title"
"1","Guy","Gilbert","Production Technician - WC60"
"2","Kevin","Brown","Marketing Assistant"
"3","Roberto","Tamburello","Engineering Manager"
"4","Rob","Walters","Senior Tool Designer"
"5","Rob","Walters","Senior Tool Designer"
"6","Thierry","D'Hers","Tool Designer"
"7","David","Bradley","Marketing Manager"
"8","David","Bradley","Marketing Manager"
"9","JoLynn","Dobney","Production Supervisor - WC60"
"10","Ruth","Ellerbrock","Production Technician - WC10"
"11","Gail","Erickson","Design Engineer"
"12","Barry","Johnson","Production Technician - WC10"
"13","Jossef","Goldberg","Design Engineer"
"14","Terri","Duffy","Vice President of Engineering"
"15","Sidney","Higa","Production Technician - WC10"
"16","Taylor","Maxwell","Production Supervisor - WC50"
"17","Jeffrey","Ford","Production Technician - WC10"
"18","Jo","Brown","Production Supervisor - WC60"
"19","Doris","Hartwig","Production Technician - WC10"
"20","John","Campbell","Production Supervisor - WC60"
"21","Diane","Glimp","Production Technician - WC10"
"22","Steven","Selikoff","Production Technician - WC30"
"23","Peter","Krebs","Production Control Manager"
"24","Stuart","Munson","Production Technician - WC45"
"25","Greg","Alderson","Production Technician - WC45"
"26","David","Johnson","Production Technician - WC30"
"27","Zheng","Mu","Production Supervisor - WC10"
"28","Ivo","Salmre","Production Technician - WC20"
"29","Paul","Komosinski","Production Technician - WC40"
"30","Ashvini","Sharma","Network Administrator"
"31","Kendall","Keil","Production Technician - WC50"
"32","Paula","Barreto de Mattos","Human Resources Manager"
"33","Alejandro","McGuel","Production Technician - WC40"
"34","Garrett","Young","Production Technician - WC30"
"35","Jian Shuo","Wang","Production Technician - WC30"
"36","Susan","Eaton","Stocker"
"37","Vamsi","Kuppa","Shipping and Receiving Clerk"
"38","Alice","Ciccu","Production Technician - WC50"
"39","Simon","Rapier","Production Technician - WC60"
"40","Jinghao","Liu","Production Supervisor - WC50"
"41","Michael","Hines","Production Technician - WC20"
"42","Yvonne","McKay","Production Technician - WC45"
"43","Peng","Wu","Quality Assurance Supervisor"
"44","Jean","Trenary","Information Services Manager"
"45","Russell","Hunter","Production Technician - WC50"
"46","A. Scott","Wright","Master Scheduler"
"47","Fred","Northup","Production Technician - WC40"
"48","Sariya","Harnpadoungsataya","Marketing Specialist"
"49","Willis","Johnson","Recruiter"
"50","Jun","Cao","Production Technician - WC50"
"51","Christian","Kleinerman","Maintenance Supervisor"
"52","Susan","Metters","Production Technician - WC30"
"53","Reuben","D'sa","Production Supervisor - WC40"
"54","Kirk","Koenigsbauer","Production Technician - WC45"
"55","David","Ortiz","Production Technician - WC60"
"56","Tengiz","Kharatishvili","Control Specialist"
"57","Hanying","Feng","Production Technician - WC20"
"58","Kevin","Liu","Production Technician - WC40"
"59","Annik","Stahl","Production Technician - WC60"
"60","Suroor","Fatima","Production Technician - WC50"
"61","Deborah","Poe","Accounts Receivable Specialist"
"62","Jim","Scardelis","Production Technician - WC50"
"63","Carole","Poland","Production Technician - WC30"
"64","George","Li","Production Technician - WC30"
"65","Gary","Yukish","Production Technician - WC40"
"66","Cristian","Petculescu","Production Supervisor - WC10"
"67","Raymond","Sam","Production Technician - WC20"
"68","Janaina","Bueno","Application Specialist"
"69","Bob","Hohman","Production Technician - WC50"
"70","Shammi","Mohamed","Production Technician - WC40"
"71","Linda","Moschell","Production Technician - WC50"
"72","Mindy","Martin","Benefits Specialist"
"73","Wendy","Kahn","Finance Manager"
"74","Kim","Ralls","Stocker"
"75","Sandra","Reátegui Alayo","Production Technician - WC30"
"76","Kok-Ho","Loh","Production Supervisor - WC50"
"77","Douglas","Hite","Production Technician - WC45"
"78","James","Kramer","Production Technician - WC60"
"79","Sean","Alexander","Quality Assurance Technician"
"80","Nitin","Mirchandani","Production Technician - WC20"
"81","Diane","Margheim","Research and Development Engineer"
"82","Rebecca","Laszlo","Production Technician - WC60"
"83","Rajesh","Patel","Production Technician - WC40"
"84","Vidur","Luthra","Recruiter"
"85","John","Evans","Production Technician - WC50"
"86","Nancy","Anderson","Production Technician - WC60"
"87","Pilar","Ackerman","Shipping and Receiving Supervisor"
"88","David","Yalovsky","Production Technician - WC30"
"89","David","Hamilton","Production Supervisor - WC40"
"90","Laura","Steele","Production Technician - WC45"
"91","Margie","Shoop","Production Technician - WC60"
"92","Zainal","Arifin","Document Control Manager"
"93","Lorraine","Nay","Production Technician - WC40"
"94","Fadi","Fakhouri","Production Technician - WC20"
"95","Ryan","Cornelsen","Production Technician - WC40"
"96","Candy","Spoon","Accounts Receivable Specialist"
"97","Nuan","Yu","Production Technician - WC50"
"98","William","Vong","Scheduling Assistant"
"99","William","Vong","Scheduling Assistant"
"100","Bjorn","Rettig","Production Technician - WC30"
"101","Scott","Gode","Production Technician - WC45"
"102","Michael","Rothkugel","Production Technician - WC40"
"103","Lane","Sacksteder","Production Technician - WC20"
"104","Pete","Male","Production Technician - WC50"
"105","Dan","Bacon","Application Specialist"
"106","David","Barber","Assistant to the Chief Financial Officer"
"107","Lolan","Song","Production Technician - WC50"
"108","Paula","Nartker","Production Technician - WC40"
"109","Mary","Gibson","Marketing Specialist"
"110","Mindaugas","Krapauskas","Production Technician - WC50"
"111","Eric","Gubbels","Production Supervisor - WC20"
"112","Ken","Sánchez","Chief Executive Officer"
"113","Jason","Watters","Production Technician - WC30"
"114","Mark","Harrington","Quality Assurance Technician"
"115","Janeth","Esteves","Production Technician - WC45"
"116","Marc","Ingle","Production Technician - WC30"
"117","Gigi","Matthew","Research and Development Engineer"
"118","Paul","Singh","Production Technician - WC20"
"119","Frank","Lee","Production Technician - WC40"
"120","François","Ajenstat","Database Administrator"
"121","Diane","Tibbott","Production Technician - WC50"
"122","Jill","Williams","Marketing Specialist"
"123","Angela","Barbariol","Production Technician - WC50"
"124","Matthias","Berndt","Shipping and Receiving Clerk"
"125","Bryan","Baker","Production Technician - WC60"
"126","Jeff","Hay","Production Supervisor - WC45"
"127","Eugene","Zabokritski","Production Technician - WC30"
"128","Barbara","Decker","Production Technician - WC20"
"129","Chris","Preston","Production Technician - WC45"
"130","Sean","Chai","Document Control Assistant"
"131","Dan","Wilson","Database Administrator"
"132","Mark","McArthur","Production Technician - WC60"
"133","Bryan","Walton","Accounts Receivable Specialist"
"134","Houman","Pournasseh","Production Technician - WC50"
"135","Sairaj","Uddin","Scheduling Assistant"
"136","Michiko","Osada","Production Technician - WC30"
"137","Benjamin","Martin","Production Technician - WC30"
"138","Cynthia","Randall","Production Supervisor - WC30"
"139","Kathie","Flood","Production Technician - WC45"
"140","Britta","Simon","Production Technician - WC60"
"141","Brian","Lloyd","Production Technician - WC40"
"142","David","Liu","Accounts Manager"
"143","Laura","Norman","Chief Financial Officer"
"144","Laura","Norman","Chief Financial Officer"
"145","Michael","Patten","Production Technician - WC50"
"146","Andy","Ruth","Production Technician - WC30"
"147","Yuhong","Li","Production Supervisor - WC20"
"148","Robert","Rounthwaite","Production Technician - WC45"
"149","Andreas","Berglund","Quality Assurance Technician"
"150","Reed","Koch","Production Technician - WC30"
"151","Linda","Randall","Production Technician - WC20"
"152","James","Hamilton","Vice President of Production"
"153","Ramesh","Meyyappan","Application Specialist"
"154","Stephanie","Conroy","Network Manager"
"155","Samantha","Smith","Production Technician - WC20"
"156","Tawana","Nusbaum","Production Technician - WC40"
"157","Denise","Smith","Production Technician - WC50"
"158","Hao","Chen","Human Resources Administrative Assistant"
"159","Alex","Nayberg","Production Technician - WC45"
"160","Eugene","Kogan","Production Technician - WC60"
"161","Brandon","Heidepriem","Production Technician - WC60"
"162","Dylan","Miller","Research and Development Manager"
"163","Shane","Kim","Production Supervisor - WC45"
"164","John","Chen","Production Technician - WC20"
"165","Karen","Berge","Document Control Assistant"
"166","Jose","Lugo","Production Technician - WC60"
"167","Mandar","Samant","Production Technician - WC50"
"168","Mikael","Sandberg","Buyer"
"169","Sameer","Tejani","Production Technician - WC50"
"170","Dragan","Tomic","Accounts Payable Specialist"
"171","Carol","Philips","Production Technician - WC30"
"172","Rob","Caron","Production Technician - WC40"
"173","Don","Hall","Production Technician - WC50"
"174","Alan","Brewer","Scheduling Assistant"
"175","David","Lawrence","Production Technician - WC30"
"176","Baris","Cetinok","Production Technician - WC40"
"177","Michael","Ray","Production Supervisor - WC30"
"178","Steve","Masters","Production Technician - WC60"
"179","Suchitra","Mohan","Production Technician - WC60"
"180","Karen","Berg","Application Specialist"
"181","Terrence","Earls","Production Technician - WC20"
"182","Barbara","Moreland","Accountant"
"183","Chad","Niswonger","Production Technician - WC50"
"184","Rostislav","Shabalin","Production Technician - WC30"
"185","Belinda","Newman","Production Technician - WC45"
"186","Katie","McAskill-White","Production Supervisor - WC20"
"187","Russell","King","Production Technician - WC30"
"188","Jack","Richins","Production Supervisor - WC30"
"189","Andrew","Hill","Production Supervisor - WC10"
"190","Nicole","Holliday","Production Technician - WC40"
"191","Frank","Miller","Production Technician - WC50"
"192","Peter","Connelly","Network Administrator"
"193","Anibal","Sousa","Production Technician - WC20"
"194","Ken","Myer","Production Technician - WC40"
"195","Grant","Culbertson","Human Resources Administrative Assistant"
"196","Michael","Entin","Production Technician - WC50"
"197","Lionel","Penuchot","Production Technician - WC45"
"198","Thomas","Michaels","Production Technician - WC60"
"199","Jimmy","Bischoff","Stocker"
"200","Michael","Vanderhyde","Production Technician - WC30"
"201","Lori","Kane","Production Supervisor - WC45"
"202","Arvind","Rao","Buyer"
"203","Stefen","Hesse","Production Technician - WC20"
"204","Hazem","Abolrous","Quality Assurance Manager"
"205","Janet","Sheperdigian","Accounts Payable Specialist"
"206","Elizabeth","Keyser","Production Technician - WC50"
"207","Terry","Eminhizer","Marketing Specialist"
"208","John","Frum","Production Technician - WC30"
"209","Merav","Netz","Production Technician - WC30"
"210","Brian","LaMee","Scheduling Assistant"
"211","Kitti","Lertpiriyasuwat","Production Technician - WC50"
"212","Jay","Adams","Production Technician - WC60"
"213","Jan","Miksovsky","Production Technician - WC30"
"214","Brenda","Diaz","Production Supervisor - WC40"
"215","Andrew","Cencini","Production Technician - WC45"
"216","Chris","Norred","Control Specialist"
"217","Chris","Okelberry","Production Technician - WC60"
"218","Shelley","Dyck","Production Technician - WC20"
"219","Gabe","Mares","Production Technician - WC40"
"220","Mike","Seamans","Accountant"
"221","Michael","Raheem","Research and Development Manager"
"222","Gary","Altman","Facilities Manager"
"223","Charles","Fitzgerald","Production Technician - WC60"
"224","Ebru","Ersan","Production Technician - WC10"
"225","Sylvester","Valdez","Production Technician - WC20"
"226","Brian","Goldstein","Production Technician - WC40"
"227","Linda","Meisner","Buyer"
"228","Betsy","Stadick","Production Technician - WC10"
"229","Magnus","Hedlund","Facilities Administrative Assistant"
"230","Karan","Khanna","Production Technician - WC60"
"231","Mary","Baker","Production Technician - WC10"
"232","Kevin","Homer","Production Technician - WC10"
"233","Mihail","Frintu","Production Technician - WC40"
"234","Bonnie","Kearney","Production Technician - WC10"
"235","Fukiko","Ogisu","Buyer"
"236","Hung-Fu","Ting","Production Technician - WC20"
"237","Gordon","Hee","Buyer"
"238","Kimberly","Zimmerman","Production Technician - WC10"
"239","Kim","Abercrombie","Production Technician - WC60"
"240","Sandeep","Kaliyath","Production Technician - WC40"
"241","Prasanna","Samarawickrama","Production Technician - WC20"
"242","Frank","Pellow","Buyer"
"243","Min","Su","Production Technician - WC20"
"244","Eric","Brown","Production Technician - WC40"
"245","Eric","Kurjan","Buyer"
"246","Pat","Coleman","Janitor"
"247","Maciej","Dusza","Production Technician - WC60"
"248","Erin","Hagens","Buyer"
"249","Patrick","Wedge","Production Technician - WC10"
"250","Frank","Martinez","Production Technician - WC40"
"251","Ed","Dudenhoefer","Production Technician - WC60"
"252","Christopher","Hill","Production Technician - WC10"
"253","Patrick","Cook","Production Technician - WC40"
"254","Krishna","Sunkammurali","Production Technician - WC20"
"255","Lori","Penor","Janitor"
"256","Danielle","Tiedt","Production Technician - WC10"
"257","Sootha","Charncherngkha","Quality Assurance Technician"
"258","Michael","Zwilling","Production Technician - WC60"
"259","Randy","Reeves","Production Technician - WC60"
"260","John","Kane","Production Technician - WC10"
"261","Jack","Creasey","Production Technician - WC40"
"262","Olinda","Turner","Production Technician - WC20"
"263","Stuart","Macrae","Janitor"
"264","Jo","Berry","Janitor"
"265","Ben","Miller","Buyer"
"266","Tom","Vande Velde","Production Technician - WC10"
"267","Ovidiu","Cracium","Senior Tool Designer"
"268","Annette","Hill","Purchasing Assistant"
"269","Janice","Galvin","Tool Designer"
"270","Reinout","Hillmann","Purchasing Assistant"
"271","Michael","Sullivan","Senior Design Engineer"
"272","Stephen","Jiang","North American Sales Manager"
"273","Wanida","Benshoof","Marketing Assistant"
"274","Sharon","Salavaria","Design Engineer"
"275","John","Wood","Marketing Specialist"
"276","Mary","Dempsey","Marketing Assistant"
"277","Brian","Welcker","Vice President of Sales"
"278","Sheela","Word","Purchasing Manager"
"279","Sheela","Word","Purchasing Manager"
"280","Sheela","Word","Purchasing Manager"
"281","Michael","Blythe","Sales Representative"
"282","Linda","Mitchell","Sales Representative"
"283","Jillian","Carson","Sales Representative"
"284","Garrett","Vargas","Sales Representative"
"285","Tsvi","Reiter","Sales Representative"
"286","Pamela","Ansman-Wolfe","Sales Representative"
"287","Shu","Ito","Sales Representative"
"288","José","Saraiva","Sales Representative"
"289","David","Campbell","Sales Representative"
"290","Amy","Alberts","European Sales Manager"
"291","Jae","Pak","Sales Representative"
"292","Ranjit","Varkey Chudukatil","Sales Representative"
"293","Tete","Mensa-Annan","Sales Representative"
"294","Syed","Abbas","Pacific Sales Manager"
"295","Rachel","Valdez","Sales Representative"
"296","Lynn","Tsoflias","Sales Representative"
